web_scraper_order,web_scraper_start_url,date,open,high,low,close_close_price_adjusted_for_splits,adj_close_adjusted_close_price_adjusted_for_splits_and_dividend_andor_capital_gain_distributions,volume
"1765972550-1","https://finance.yahoo.com/quote/BBNI.JK/history/?period1=1718582400&period2=1765972360","Dec 17, 2025","4,400.00","4,420.00","4,340.00","4,370.00","4,370.00","27,653,900"
"1765972550-2","https://finance.yahoo.com/quote/BBNI.JK/history/?period1=1718582400&period2=1765972360","Dec 16, 2025","4,440.00","4,460.00","4,330.00","4,400.00","4,400.00","36,287,500"
"1765972550-3","https://finance.yahoo.com/quote/BBNI.JK/history/?period1=1718582400&period2=1765972360","Dec 15, 2025","4,270.00","4,450.00","4,230.00","4,440.00","4,440.00","57,531,500"
"1765972550-4","https://finance.yahoo.com/quote/BBNI.JK/history/?period1=1718582400&period2=1765972360","Dec 12, 2025","4,290.00","4,290.00","4,170.00","4,240.00","4,240.00","23,240,100"
"1765972550-5","https://finance.yahoo.com/quote/BBNI.JK/history/?period1=1718582400&period2=1765972360","Dec 11, 2025","4,350.00","4,390.00","4,190.00","4,230.00","4,230.00","43,389,300"
"1765972550-6","https://finance.yahoo.com/quote/BBNI.JK/history/?period1=1718582400&period2=1765972360","Dec 10, 2025","4,350.00","4,350.00","4,270.00","4,310.00","4,310.00","19,908,000"
"1765972550-7","https://finance.yahoo.com/quote/BBNI.JK/history/?period1=1718582400&period2=1765972360","Dec 9, 2025","4,310.00","4,330.00","4,260.00","4,320.00","4,320.00","34,461,400"
"1765972550-8","https://finance.yahoo.com/quote/BBNI.JK/history/?period1=1718582400&period2=1765972360","Dec 8, 2025","4,360.00","4,360.00","4,290.00","4,310.00","4,310.00","28,219,300"
"1765972550-9","https://finance.yahoo.com/quote/BBNI.JK/history/?period1=1718582400&period2=1765972360","Dec 5, 2025","4,330.00","4,360.00","4,290.00","4,290.00","4,290.00","28,877,500"
"1765972550-10","https://finance.yahoo.com/quote/BBNI.JK/history/?period1=1718582400&period2=1765972360","Dec 4, 2025","4,260.00","4,320.00","4,240.00","4,310.00","4,310.00","23,544,900"
"1765972550-11","https://finance.yahoo.com/quote/BBNI.JK/history/?period1=1718582400&period2=1765972360","Dec 3, 2025","4,270.00","4,290.00","4,240.00","4,260.00","4,260.00","28,263,900"
"1765972550-12","https://finance.yahoo.com/quote/BBNI.JK/history/?period1=1718582400&period2=1765972360","Dec 2, 2025","4,340.00","4,360.00","4,250.00","4,270.00","4,270.00","39,091,800"
"1765972550-13","https://finance.yahoo.com/quote/BBNI.JK/history/?period1=1718582400&period2=1765972360","Dec 1, 2025","4,240.00","4,350.00","4,240.00","4,310.00","4,310.00","19,335,100"
"1765972550-14","https://finance.yahoo.com/quote/BBNI.JK/history/?period1=1718582400&period2=1765972360","Nov 28, 2025","4,330.00","4,350.00","4,260.00","4,260.00","4,260.00","40,758,200"
"1765972550-15","https://finance.yahoo.com/quote/BBNI.JK/history/?period1=1718582400&period2=1765972360","Nov 27, 2025","4,420.00","4,420.00","4,300.00","4,350.00","4,350.00","33,618,200"
"1765972550-16","https://finance.yahoo.com/quote/BBNI.JK/history/?period1=1718582400&period2=1765972360","Nov 26, 2025","4,420.00","4,420.00","4,370.00","4,410.00","4,410.00","31,686,100"
"1765972550-17","https://finance.yahoo.com/quote/BBNI.JK/history/?period1=1718582400&period2=1765972360","Nov 25, 2025","4,420.00","4,450.00","4,370.00","4,420.00","4,420.00","36,142,900"
"1765972550-18","https://finance.yahoo.com/quote/BBNI.JK/history/?period1=1718582400&period2=1765972360","Nov 24, 2025","4,400.00","4,440.00","4,350.00","4,390.00","4,390.00","76,652,700"
"1765972550-19","https://finance.yahoo.com/quote/BBNI.JK/history/?period1=1718582400&period2=1765972360","Nov 21, 2025","4,450.00","4,450.00","4,370.00","4,390.00","4,390.00","45,565,700"
"1765972550-20","https://finance.yahoo.com/quote/BBNI.JK/history/?period1=1718582400&period2=1765972360","Nov 20, 2025","4,470.00","4,560.00","4,450.00","4,460.00","4,460.00","54,706,000"
"1765972550-21","https://finance.yahoo.com/quote/BBNI.JK/history/?period1=1718582400&period2=1765972360","Nov 19, 2025","4,470.00","4,470.00","4,410.00","4,460.00","4,460.00","34,300,600"
"1765972550-22","https://finance.yahoo.com/quote/BBNI.JK/history/?period1=1718582400&period2=1765972360","Nov 18, 2025","4,400.00","4,470.00","4,400.00","4,460.00","4,460.00","36,957,300"
"1765972550-23","https://finance.yahoo.com/quote/BBNI.JK/history/?period1=1718582400&period2=1765972360","Nov 17, 2025","4,390.00","4,440.00","4,380.00","4,390.00","4,390.00","28,453,300"
"1765972550-24","https://finance.yahoo.com/quote/BBNI.JK/history/?period1=1718582400&period2=1765972360","Nov 14, 2025","4,410.00","4,450.00","4,370.00","4,390.00","4,390.00","34,602,500"
"1765972550-25","https://finance.yahoo.com/quote/BBNI.JK/history/?period1=1718582400&period2=1765972360","Nov 13, 2025","4,470.00","4,480.00","4,420.00","4,420.00","4,420.00","20,207,300"
"1765972550-26","https://finance.yahoo.com/quote/BBNI.JK/history/?period1=1718582400&period2=1765972360","Nov 12, 2025","4,410.00","4,480.00","4,400.00","4,460.00","4,460.00","35,386,800"
"1765972550-27","https://finance.yahoo.com/quote/BBNI.JK/history/?period1=1718582400&period2=1765972360","Nov 11, 2025","4,450.00","4,450.00","4,370.00","4,420.00","4,420.00","48,792,200"
"1765972550-28","https://finance.yahoo.com/quote/BBNI.JK/history/?period1=1718582400&period2=1765972360","Nov 10, 2025","4,520.00","4,520.00","4,410.00","4,420.00","4,420.00","45,518,800"
"1765972550-29","https://finance.yahoo.com/quote/BBNI.JK/history/?period1=1718582400&period2=1765972360","Nov 7, 2025","4,440.00","4,500.00","4,440.00","4,500.00","4,500.00","36,148,800"
"1765972550-30","https://finance.yahoo.com/quote/BBNI.JK/history/?period1=1718582400&period2=1765972360","Nov 6, 2025","4,450.00","4,480.00","4,430.00","4,440.00","4,440.00","31,809,500"
"1765972550-31","https://finance.yahoo.com/quote/BBNI.JK/history/?period1=1718582400&period2=1765972360","Nov 5, 2025","4,400.00","4,480.00","4,380.00","4,460.00","4,460.00","43,447,700"
"1765972550-32","https://finance.yahoo.com/quote/BBNI.JK/history/?period1=1718582400&period2=1765972360","Nov 4, 2025","4,430.00","4,510.00","4,430.00","4,450.00","4,450.00","73,342,900"
"1765972550-33","https://finance.yahoo.com/quote/BBNI.JK/history/?period1=1718582400&period2=1765972360","Nov 3, 2025","4,390.00","4,460.00","4,380.00","4,430.00","4,430.00","40,455,000"
"1765972550-34","https://finance.yahoo.com/quote/BBNI.JK/history/?period1=1718582400&period2=1765972360","Oct 31, 2025","4,400.00","4,450.00","4,350.00","4,380.00","4,380.00","69,141,700"
"1765972550-35","https://finance.yahoo.com/quote/BBNI.JK/history/?period1=1718582400&period2=1765972360","Oct 30, 2025","4,420.00","4,530.00","4,370.00","4,410.00","4,410.00","91,042,600"
"1765972550-36","https://finance.yahoo.com/quote/BBNI.JK/history/?period1=1718582400&period2=1765972360","Oct 29, 2025","4,380.00","4,440.00","4,320.00","4,440.00","4,440.00","71,743,700"
"1765972550-37","https://finance.yahoo.com/quote/BBNI.JK/history/?period1=1718582400&period2=1765972360","Oct 28, 2025","4,390.00","4,440.00","4,340.00","4,370.00","4,370.00","58,463,900"
"1765972550-38","https://finance.yahoo.com/quote/BBNI.JK/history/?period1=1718582400&period2=1765972360","Oct 27, 2025","4,440.00","4,450.00","4,270.00","4,370.00","4,370.00","102,355,700"
"1765972550-39","https://finance.yahoo.com/quote/BBNI.JK/history/?period1=1718582400&period2=1765972360","Oct 24, 2025","4,220.00","4,440.00","4,210.00","4,370.00","4,370.00","177,603,900"
"1765972550-40","https://finance.yahoo.com/quote/BBNI.JK/history/?period1=1718582400&period2=1765972360","Oct 23, 2025","4,030.00","4,250.00","4,020.00","4,240.00","4,240.00","130,641,200"
"1765972550-41","https://finance.yahoo.com/quote/BBNI.JK/history/?period1=1718582400&period2=1765972360","Oct 22, 2025","4,070.00","4,150.00","4,000.00","4,030.00","4,030.00","81,226,400"
"1765972550-42","https://finance.yahoo.com/quote/BBNI.JK/history/?period1=1718582400&period2=1765972360","Oct 21, 2025","4,110.00","4,130.00","4,030.00","4,050.00","4,050.00","88,064,800"
"1765972550-43","https://finance.yahoo.com/quote/BBNI.JK/history/?period1=1718582400&period2=1765972360","Oct 20, 2025","3,870.00","4,110.00","3,860.00","4,040.00","4,040.00","146,203,400"
"1765972550-44","https://finance.yahoo.com/quote/BBNI.JK/history/?period1=1718582400&period2=1765972360","Oct 17, 2025","3,870.00","3,900.00","3,800.00","3,800.00","3,800.00","60,733,400"
"1765972550-45","https://finance.yahoo.com/quote/BBNI.JK/history/?period1=1718582400&period2=1765972360","Oct 16, 2025","3,790.00","3,890.00","3,760.00","3,850.00","3,850.00","55,980,800"
"1765972550-46","https://finance.yahoo.com/quote/BBNI.JK/history/?period1=1718582400&period2=1765972360","Oct 15, 2025","3,810.00","3,840.00","3,720.00","3,770.00","3,770.00","84,578,200"
"1765972550-47","https://finance.yahoo.com/quote/BBNI.JK/history/?period1=1718582400&period2=1765972360","Oct 14, 2025","3,910.00","3,940.00","3,800.00","3,800.00","3,800.00","69,452,000"
"1765972550-48","https://finance.yahoo.com/quote/BBNI.JK/history/?period1=1718582400&period2=1765972360","Oct 13, 2025","3,920.00","3,940.00","3,870.00","3,900.00","3,900.00","38,351,600"
"1765972550-49","https://finance.yahoo.com/quote/BBNI.JK/history/?period1=1718582400&period2=1765972360","Oct 10, 2025","4,090.00","4,090.00","3,950.00","3,970.00","3,970.00","48,778,300"
"1765972550-50","https://finance.yahoo.com/quote/BBNI.JK/history/?period1=1718582400&period2=1765972360","Oct 9, 2025","3,910.00","4,150.00","3,860.00","4,100.00","4,100.00","106,114,200"
"1765972550-51","https://finance.yahoo.com/quote/BBNI.JK/history/?period1=1718582400&period2=1765972360","Oct 8, 2025","4,000.00","4,010.00","3,930.00","3,940.00","3,940.00","28,812,600"
"1765972550-52","https://finance.yahoo.com/quote/BBNI.JK/history/?period1=1718582400&period2=1765972360","Oct 7, 2025","4,030.00","4,040.00","3,970.00","3,990.00","3,990.00","41,251,900"
"1765972550-53","https://finance.yahoo.com/quote/BBNI.JK/history/?period1=1718582400&period2=1765972360","Oct 6, 2025","4,040.00","4,090.00","4,000.00","4,000.00","4,000.00","35,060,200"
"1765972550-54","https://finance.yahoo.com/quote/BBNI.JK/history/?period1=1718582400&period2=1765972360","Oct 3, 2025","4,060.00","4,080.00","4,010.00","4,040.00","4,040.00","26,763,100"
"1765972550-55","https://finance.yahoo.com/quote/BBNI.JK/history/?period1=1718582400&period2=1765972360","Oct 2, 2025","4,050.00","4,100.00","4,040.00","4,040.00","4,040.00","34,730,200"
"1765972550-56","https://finance.yahoo.com/quote/BBNI.JK/history/?period1=1718582400&period2=1765972360","Oct 1, 2025","4,050.00","4,120.00","4,050.00","4,050.00","4,050.00","37,812,400"
"1765972550-57","https://finance.yahoo.com/quote/BBNI.JK/history/?period1=1718582400&period2=1765972360","Sep 30, 2025","4,170.00","4,170.00","4,100.00","4,100.00","4,100.00","60,162,600"
"1765972550-58","https://finance.yahoo.com/quote/BBNI.JK/history/?period1=1718582400&period2=1765972360","Sep 29, 2025","4,160.00","4,170.00","4,110.00","4,170.00","4,170.00","41,037,000"
"1765972550-59","https://finance.yahoo.com/quote/BBNI.JK/history/?period1=1718582400&period2=1765972360","Sep 26, 2025","4,150.00","4,180.00","4,110.00","4,180.00","4,180.00","39,380,500"
"1765972550-60","https://finance.yahoo.com/quote/BBNI.JK/history/?period1=1718582400&period2=1765972360","Sep 25, 2025","4,180.00","4,190.00","4,140.00","4,190.00","4,190.00","35,633,900"
"1765972550-61","https://finance.yahoo.com/quote/BBNI.JK/history/?period1=1718582400&period2=1765972360","Sep 24, 2025","4,220.00","4,230.00","4,170.00","4,190.00","4,190.00","28,653,700"
"1765972550-62","https://finance.yahoo.com/quote/BBNI.JK/history/?period1=1718582400&period2=1765972360","Sep 23, 2025","4,210.00","4,240.00","4,170.00","4,200.00","4,200.00","39,154,400"
"1765972550-63","https://finance.yahoo.com/quote/BBNI.JK/history/?period1=1718582400&period2=1765972360","Sep 22, 2025","4,270.00","4,280.00","4,170.00","4,210.00","4,210.00","63,520,200"
"1765972550-64","https://finance.yahoo.com/quote/BBNI.JK/history/?period1=1718582400&period2=1765972360","Sep 19, 2025","4,250.00","4,290.00","4,210.00","4,270.00","4,270.00","100,584,800"
"1765972550-65","https://finance.yahoo.com/quote/BBNI.JK/history/?period1=1718582400&period2=1765972360","Sep 18, 2025","4,480.00","4,490.00","4,250.00","4,340.00","4,340.00","90,929,900"
"1765972550-66","https://finance.yahoo.com/quote/BBNI.JK/history/?period1=1718582400&period2=1765972360","Sep 17, 2025","4,390.00","4,450.00","4,330.00","4,450.00","4,450.00","54,546,000"
"1765972550-67","https://finance.yahoo.com/quote/BBNI.JK/history/?period1=1718582400&period2=1765972360","Sep 16, 2025","4,440.00","4,450.00","4,320.00","4,370.00","4,370.00","52,083,500"
"1765972550-68","https://finance.yahoo.com/quote/BBNI.JK/history/?period1=1718582400&period2=1765972360","Sep 15, 2025","4,550.00","4,600.00","4,410.00","4,410.00","4,410.00","74,523,200"
"1765972550-69","https://finance.yahoo.com/quote/BBNI.JK/history/?period1=1718582400&period2=1765972360","Sep 12, 2025","4,430.00","4,530.00","4,330.00","4,520.00","4,520.00","109,797,000"
"1765972550-70","https://finance.yahoo.com/quote/BBNI.JK/history/?period1=1718582400&period2=1765972360","Sep 11, 2025","4,210.00","4,430.00","4,210.00","4,420.00","4,420.00","130,159,900"
"1765972550-71","https://finance.yahoo.com/quote/BBNI.JK/history/?period1=1718582400&period2=1765972360","Sep 10, 2025","4,100.00","4,140.00","4,080.00","4,100.00","4,100.00","64,536,400"
"1765972550-72","https://finance.yahoo.com/quote/BBNI.JK/history/?period1=1718582400&period2=1765972360","Sep 9, 2025","4,160.00","4,200.00","4,020.00","4,080.00","4,080.00","102,884,200"
"1765972550-73","https://finance.yahoo.com/quote/BBNI.JK/history/?period1=1718582400&period2=1765972360","Sep 8, 2025","4,430.00","4,440.00","4,050.00","4,180.00","4,180.00","55,687,200"
"1765972550-74","https://finance.yahoo.com/quote/BBNI.JK/history/?period1=1718582400&period2=1765972360","Sep 4, 2025","4,410.00","4,410.00","4,340.00","4,370.00","4,370.00","17,346,200"
"1765972550-75","https://finance.yahoo.com/quote/BBNI.JK/history/?period1=1718582400&period2=1765972360","Sep 3, 2025","4,320.00","4,410.00","4,320.00","4,410.00","4,410.00","29,754,100"
"1765972550-76","https://finance.yahoo.com/quote/BBNI.JK/history/?period1=1718582400&period2=1765972360","Sep 2, 2025","4,340.00","4,430.00","4,290.00","4,310.00","4,310.00","28,513,000"
"1765972550-77","https://finance.yahoo.com/quote/BBNI.JK/history/?period1=1718582400&period2=1765972360","Sep 1, 2025","4,170.00","4,400.00","4,150.00","4,320.00","4,320.00","60,513,100"
"1765972550-78","https://finance.yahoo.com/quote/BBNI.JK/history/?period1=1718582400&period2=1765972360","Aug 29, 2025","4,440.00","4,460.00","4,350.00","4,380.00","4,380.00","60,711,900"
"1765972550-79","https://finance.yahoo.com/quote/BBNI.JK/history/?period1=1718582400&period2=1765972360","Aug 28, 2025","4,480.00","4,500.00","4,450.00","4,460.00","4,460.00","37,274,600"
"1765972550-80","https://finance.yahoo.com/quote/BBNI.JK/history/?period1=1718582400&period2=1765972360","Aug 27, 2025","4,500.00","4,500.00","4,400.00","4,450.00","4,450.00","45,966,700"
"1765972550-81","https://finance.yahoo.com/quote/BBNI.JK/history/?period1=1718582400&period2=1765972360","Aug 26, 2025","4,430.00","4,540.00","4,370.00","4,540.00","4,540.00","85,603,900"
"1765972550-82","https://finance.yahoo.com/quote/BBNI.JK/history/?period1=1718582400&period2=1765972360","Aug 25, 2025","4,460.00","4,520.00","4,440.00","4,450.00","4,450.00","53,434,200"
"1765972550-83","https://finance.yahoo.com/quote/BBNI.JK/history/?period1=1718582400&period2=1765972360","Aug 22, 2025","4,500.00","4,500.00","4,380.00","4,390.00","4,390.00","32,633,000"
"1765972550-84","https://finance.yahoo.com/quote/BBNI.JK/history/?period1=1718582400&period2=1765972360","Aug 21, 2025","4,420.00","4,490.00","4,400.00","4,490.00","4,490.00","60,899,400"
"1765972550-85","https://finance.yahoo.com/quote/BBNI.JK/history/?period1=1718582400&period2=1765972360","Aug 20, 2025","4,290.00","4,450.00","4,290.00","4,430.00","4,430.00","52,897,600"
"1765972550-86","https://finance.yahoo.com/quote/BBNI.JK/history/?period1=1718582400&period2=1765972360","Aug 19, 2025","4,360.00","4,360.00","4,280.00","4,330.00","4,330.00","34,407,300"
"1765972550-87","https://finance.yahoo.com/quote/BBNI.JK/history/?period1=1718582400&period2=1765972360","Aug 15, 2025","4,370.00","4,450.00","4,370.00","4,370.00","4,370.00","62,301,400"
"1765972550-88","https://finance.yahoo.com/quote/BBNI.JK/history/?period1=1718582400&period2=1765972360","Aug 14, 2025","4,400.00","4,400.00","4,360.00","4,390.00","4,390.00","43,156,900"
"1765972550-89","https://finance.yahoo.com/quote/BBNI.JK/history/?period1=1718582400&period2=1765972360","Aug 13, 2025","4,390.00","4,420.00","4,310.00","4,370.00","4,370.00","54,042,400"
"1765972550-90","https://finance.yahoo.com/quote/BBNI.JK/history/?period1=1718582400&period2=1765972360","Aug 12, 2025","4,220.00","4,420.00","4,210.00","4,360.00","4,360.00","120,908,000"
"1765972550-91","https://finance.yahoo.com/quote/BBNI.JK/history/?period1=1718582400&period2=1765972360","Aug 11, 2025","4,090.00","4,220.00","4,080.00","4,200.00","4,200.00","61,703,500"
"1765972550-92","https://finance.yahoo.com/quote/BBNI.JK/history/?period1=1718582400&period2=1765972360","Aug 8, 2025","4,090.00","4,100.00","4,070.00","4,070.00","4,070.00","43,531,000"
"1765972550-93","https://finance.yahoo.com/quote/BBNI.JK/history/?period1=1718582400&period2=1765972360","Aug 7, 2025","4,120.00","4,140.00","4,100.00","4,120.00","4,120.00","21,207,800"
"1765972550-94","https://finance.yahoo.com/quote/BBNI.JK/history/?period1=1718582400&period2=1765972360","Aug 6, 2025","4,220.00","4,230.00","4,100.00","4,100.00","4,100.00","27,975,700"
"1765972550-95","https://finance.yahoo.com/quote/BBNI.JK/history/?period1=1718582400&period2=1765972360","Aug 5, 2025","4,040.00","4,230.00","4,040.00","4,220.00","4,220.00","93,772,600"
"1765972550-96","https://finance.yahoo.com/quote/BBNI.JK/history/?period1=1718582400&period2=1765972360","Aug 4, 2025","4,000.00","4,030.00","3,990.00","4,010.00","4,010.00","30,440,700"
"1765972550-97","https://finance.yahoo.com/quote/BBNI.JK/history/?period1=1718582400&period2=1765972360","Aug 1, 2025","4,050.00","4,070.00","4,010.00","4,010.00","4,010.00","32,295,500"
"1765972550-98","https://finance.yahoo.com/quote/BBNI.JK/history/?period1=1718582400&period2=1765972360","Jul 31, 2025","4,100.00","4,110.00","4,010.00","4,010.00","4,010.00","50,384,500"
"1765972550-99","https://finance.yahoo.com/quote/BBNI.JK/history/?period1=1718582400&period2=1765972360","Jul 30, 2025","4,150.00","4,160.00","4,090.00","4,120.00","4,120.00","33,919,100"
"1765972550-100","https://finance.yahoo.com/quote/BBNI.JK/history/?period1=1718582400&period2=1765972360","Jul 29, 2025","4,200.00","4,200.00","4,120.00","4,150.00","4,150.00","27,287,100"
"1765972550-101","https://finance.yahoo.com/quote/BBNI.JK/history/?period1=1718582400&period2=1765972360","Jul 28, 2025","4,110.00","4,220.00","4,090.00","4,210.00","4,210.00","45,451,600"
"1765972550-102","https://finance.yahoo.com/quote/BBNI.JK/history/?period1=1718582400&period2=1765972360","Jul 25, 2025","4,160.00","4,180.00","4,070.00","4,090.00","4,090.00","48,597,600"
"1765972550-103","https://finance.yahoo.com/quote/BBNI.JK/history/?period1=1718582400&period2=1765972360","Jul 24, 2025","4,100.00","4,250.00","4,080.00","4,220.00","4,220.00","57,276,100"
"1765972550-104","https://finance.yahoo.com/quote/BBNI.JK/history/?period1=1718582400&period2=1765972360","Jul 23, 2025","4,080.00","4,100.00","4,040.00","4,100.00","4,100.00","23,315,700"
"1765972550-105","https://finance.yahoo.com/quote/BBNI.JK/history/?period1=1718582400&period2=1765972360","Jul 22, 2025","4,090.00","4,090.00","4,040.00","4,050.00","4,050.00","32,607,800"
"1765972550-106","https://finance.yahoo.com/quote/BBNI.JK/history/?period1=1718582400&period2=1765972360","Jul 21, 2025","4,140.00","4,140.00","4,070.00","4,070.00","4,070.00","35,004,100"
"1765972550-107","https://finance.yahoo.com/quote/BBNI.JK/history/?period1=1718582400&period2=1765972360","Jul 18, 2025","4,120.00","4,150.00","4,100.00","4,120.00","4,120.00","35,072,000"
"1765972550-108","https://finance.yahoo.com/quote/BBNI.JK/history/?period1=1718582400&period2=1765972360","Jul 17, 2025","4,140.00","4,140.00","4,090.00","4,110.00","4,110.00","25,818,000"
"1765972550-109","https://finance.yahoo.com/quote/BBNI.JK/history/?period1=1718582400&period2=1765972360","Jul 16, 2025","4,130.00","4,150.00","4,080.00","4,130.00","4,130.00","66,349,800"
"1765972550-110","https://finance.yahoo.com/quote/BBNI.JK/history/?period1=1718582400&period2=1765972360","Jul 15, 2025","4,040.00","4,070.00","4,010.00","4,050.00","4,050.00","30,497,400"
"1765972550-111","https://finance.yahoo.com/quote/BBNI.JK/history/?period1=1718582400&period2=1765972360","Jul 14, 2025","4,190.00","4,190.00","4,000.00","4,040.00","4,040.00","68,377,100"
"1765972550-112","https://finance.yahoo.com/quote/BBNI.JK/history/?period1=1718582400&period2=1765972360","Jul 11, 2025","4,130.00","4,220.00","4,120.00","4,180.00","4,180.00","48,939,300"
"1765972550-113","https://finance.yahoo.com/quote/BBNI.JK/history/?period1=1718582400&period2=1765972360","Jul 10, 2025","3,980.00","4,140.00","3,980.00","4,110.00","4,110.00","44,060,900"
"1765972550-114","https://finance.yahoo.com/quote/BBNI.JK/history/?period1=1718582400&period2=1765972360","Jul 9, 2025","3,960.00","4,000.00","3,950.00","4,000.00","4,000.00","27,904,300"
"1765972550-115","https://finance.yahoo.com/quote/BBNI.JK/history/?period1=1718582400&period2=1765972360","Jul 8, 2025","3,980.00","4,020.00","3,950.00","3,970.00","3,970.00","27,867,600"
"1765972550-116","https://finance.yahoo.com/quote/BBNI.JK/history/?period1=1718582400&period2=1765972360","Jul 7, 2025","4,000.00","4,010.00","3,930.00","4,000.00","4,000.00","28,005,400"
"1765972550-117","https://finance.yahoo.com/quote/BBNI.JK/history/?period1=1718582400&period2=1765972360","Jul 4, 2025","3,970.00","4,010.00","3,950.00","4,000.00","4,000.00","30,396,500"
"1765972550-118","https://finance.yahoo.com/quote/BBNI.JK/history/?period1=1718582400&period2=1765972360","Jul 3, 2025","4,010.00","4,060.00","3,970.00","3,970.00","3,970.00","49,947,500"
"1765972550-119","https://finance.yahoo.com/quote/BBNI.JK/history/?period1=1718582400&period2=1765972360","Jul 2, 2025","4,010.00","4,040.00","3,970.00","4,020.00","4,020.00","31,192,900"
"1765972550-120","https://finance.yahoo.com/quote/BBNI.JK/history/?period1=1718582400&period2=1765972360","Jul 1, 2025","4,120.00","4,130.00","4,000.00","4,010.00","4,010.00","55,711,200"
"1765972550-121","https://finance.yahoo.com/quote/BBNI.JK/history/?period1=1718582400&period2=1765972360","Jun 30, 2025","4,130.00","4,130.00","4,050.00","4,120.00","4,120.00","53,732,100"
"1765972550-122","https://finance.yahoo.com/quote/BBNI.JK/history/?period1=1718582400&period2=1765972360","Jun 26, 2025","4,110.00","4,120.00","4,050.00","4,120.00","4,120.00","31,912,200"
"1765972550-123","https://finance.yahoo.com/quote/BBNI.JK/history/?period1=1718582400&period2=1765972360","Jun 25, 2025","4,200.00","4,200.00","4,060.00","4,110.00","4,110.00","33,883,900"
"1765972550-124","https://finance.yahoo.com/quote/BBNI.JK/history/?period1=1718582400&period2=1765972360","Jun 24, 2025","4,160.00","4,210.00","4,140.00","4,140.00","4,140.00","51,925,200"
"1765972550-125","https://finance.yahoo.com/quote/BBNI.JK/history/?period1=1718582400&period2=1765972360","Jun 23, 2025","4,060.00","4,100.00","3,970.00","4,060.00","4,060.00","53,486,300"
"1765972550-126","https://finance.yahoo.com/quote/BBNI.JK/history/?period1=1718582400&period2=1765972360","Jun 20, 2025","4,120.00","4,140.00","4,050.00","4,110.00","4,110.00","178,503,500"
"1765972550-127","https://finance.yahoo.com/quote/BBNI.JK/history/?period1=1718582400&period2=1765972360","Jun 19, 2025","4,300.00","4,300.00","4,100.00","4,130.00","4,130.00","87,781,700"
"1765972550-128","https://finance.yahoo.com/quote/BBNI.JK/history/?period1=1718582400&period2=1765972360","Jun 18, 2025","4,350.00","4,360.00","4,250.00","4,300.00","4,300.00","40,711,200"
"1765972550-129","https://finance.yahoo.com/quote/BBNI.JK/history/?period1=1718582400&period2=1765972360","Jun 17, 2025","4,400.00","4,420.00","4,350.00","4,360.00","4,360.00","44,876,400"
"1765972550-130","https://finance.yahoo.com/quote/BBNI.JK/history/?period1=1718582400&period2=1765972360","Jun 16, 2025","4,490.00","4,490.00","4,360.00","4,400.00","4,400.00","90,223,800"
"1765972550-131","https://finance.yahoo.com/quote/BBNI.JK/history/?period1=1718582400&period2=1765972360","Jun 13, 2025","4,480.00","4,540.00","4,450.00","4,540.00","4,540.00","30,548,300"
"1765972550-132","https://finance.yahoo.com/quote/BBNI.JK/history/?period1=1718582400&period2=1765972360","Jun 12, 2025","4,530.00","4,540.00","4,480.00","4,540.00","4,540.00","29,571,100"
"1765972550-133","https://finance.yahoo.com/quote/BBNI.JK/history/?period1=1718582400&period2=1765972360","Jun 11, 2025","4,530.00","4,540.00","4,480.00","4,540.00","4,540.00","35,008,700"
"1765972550-134","https://finance.yahoo.com/quote/BBNI.JK/history/?period1=1718582400&period2=1765972360","Jun 10, 2025","4,470.00","4,520.00","4,450.00","4,520.00","4,520.00","45,818,600"
"1765972550-135","https://finance.yahoo.com/quote/BBNI.JK/history/?period1=1718582400&period2=1765972360","Jun 5, 2025","4,310.00","4,420.00","4,310.00","4,420.00","4,420.00","36,143,400"
"1765972550-136","https://finance.yahoo.com/quote/BBNI.JK/history/?period1=1718582400&period2=1765972360","Jun 4, 2025","4,420.00","4,420.00","4,300.00","4,300.00","4,300.00","35,499,900"
"1765972550-137","https://finance.yahoo.com/quote/BBNI.JK/history/?period1=1718582400&period2=1765972360","Jun 3, 2025","4,350.00","4,380.00","4,260.00","4,370.00","4,370.00","42,954,800"
"1765972550-138","https://finance.yahoo.com/quote/BBNI.JK/history/?period1=1718582400&period2=1765972360","Jun 2, 2025","4,480.00","4,480.00","4,300.00","4,370.00","4,370.00","68,993,300"
"1765972550-139","https://finance.yahoo.com/quote/BBNI.JK/history/?period1=1718582400&period2=1765972360","May 28, 2025","4,520.00","4,540.00","4,470.00","4,490.00","4,490.00","63,745,800"
"1765972550-140","https://finance.yahoo.com/quote/BBNI.JK/history/?period1=1718582400&period2=1765972360","May 27, 2025","4,500.00","4,530.00","4,460.00","4,530.00","4,530.00","40,871,300"
"1765972550-141","https://finance.yahoo.com/quote/BBNI.JK/history/?period1=1718582400&period2=1765972360","May 26, 2025","4,510.00","4,520.00","4,420.00","4,500.00","4,500.00","36,713,800"
"1765972550-142","https://finance.yahoo.com/quote/BBNI.JK/history/?period1=1718582400&period2=1765972360","May 23, 2025","4,510.00","4,520.00","4,480.00","4,510.00","4,510.00","21,621,500"
"1765972550-143","https://finance.yahoo.com/quote/BBNI.JK/history/?period1=1718582400&period2=1765972360","May 22, 2025","4,520.00","4,540.00","4,470.00","4,470.00","4,470.00","42,314,700"
"1765972550-144","https://finance.yahoo.com/quote/BBNI.JK/history/?period1=1718582400&period2=1765972360","May 21, 2025","4,480.00","4,580.00","4,470.00","4,520.00","4,520.00","79,967,600"
"1765972550-145","https://finance.yahoo.com/quote/BBNI.JK/history/?period1=1718582400&period2=1765972360","May 20, 2025","4,460.00","4,570.00","4,420.00","4,450.00","4,450.00","81,048,500"
"1765972550-146","https://finance.yahoo.com/quote/BBNI.JK/history/?period1=1718582400&period2=1765972360","May 19, 2025","4,480.00","4,520.00","4,430.00","4,460.00","4,460.00","60,120,200"
"1765972550-147","https://finance.yahoo.com/quote/BBNI.JK/history/?period1=1718582400&period2=1765972360","May 16, 2025","4,530.00","4,530.00","4,360.00","4,500.00","4,500.00","88,956,700"
"1765972550-148","https://finance.yahoo.com/quote/BBNI.JK/history/?period1=1718582400&period2=1765972360","May 15, 2025","4,390.00","4,530.00","4,390.00","4,500.00","4,500.00","120,598,100"
"1765972550-149","https://finance.yahoo.com/quote/BBNI.JK/history/?period1=1718582400&period2=1765972360","May 14, 2025","4,180.00","4,370.00","4,160.00","4,370.00","4,370.00","179,465,400"
"1765972550-150","https://finance.yahoo.com/quote/BBNI.JK/history/?period1=1718582400&period2=1765972360","May 9, 2025","4,120.00","4,140.00","4,060.00","4,100.00","4,100.00","37,787,800"
"1765972550-151","https://finance.yahoo.com/quote/BBNI.JK/history/?period1=1718582400&period2=1765972360","May 8, 2025","4,160.00","4,220.00","4,080.00","4,120.00","4,120.00","77,995,600"
"1765972550-152","https://finance.yahoo.com/quote/BBNI.JK/history/?period1=1718582400&period2=1765972360","May 7, 2025","4,190.00","4,200.00","4,140.00","4,160.00","4,160.00","57,689,300"
"1765972550-153","https://finance.yahoo.com/quote/BBNI.JK/history/?period1=1718582400&period2=1765972360","May 6, 2025","4,220.00","4,230.00","4,170.00","4,180.00","4,180.00","66,444,400"
"1765972550-154","https://finance.yahoo.com/quote/BBNI.JK/history/?period1=1718582400&period2=1765972360","May 5, 2025","4,210.00","4,280.00","4,180.00","4,210.00","4,210.00","60,392,100"
"1765972550-155","https://finance.yahoo.com/quote/BBNI.JK/history/?period1=1718582400&period2=1765972360","May 2, 2025","4,220.00","4,230.00","4,160.00","4,200.00","4,200.00","81,966,800"
"1765972550-156","https://finance.yahoo.com/quote/BBNI.JK/history/?period1=1718582400&period2=1765972360","Apr 30, 2025","4,160.00","4,180.00","4,080.00","4,180.00","4,180.00","85,510,000"
"1765972550-157","https://finance.yahoo.com/quote/BBNI.JK/history/?period1=1718582400&period2=1765972360","Apr 29, 2025","4,210.00","4,220.00","4,120.00","4,140.00","4,140.00","61,824,000"
"1765972550-158","https://finance.yahoo.com/quote/BBNI.JK/history/?period1=1718582400&period2=1765972360","Apr 28, 2025","4,210.00","4,250.00","4,170.00","4,190.00","4,190.00","68,481,300"
"1765972550-159","https://finance.yahoo.com/quote/BBNI.JK/history/?period1=1718582400&period2=1765972360","Apr 25, 2025","4,200.00","4,210.00","4,140.00","4,200.00","4,200.00","102,065,100"
"1765972550-160","https://finance.yahoo.com/quote/BBNI.JK/history/?period1=1718582400&period2=1765972360","Apr 24, 2025","4,200.00","4,250.00","4,120.00","4,170.00","4,170.00","145,433,700"
"1765972550-161","https://finance.yahoo.com/quote/BBNI.JK/history/?period1=1718582400&period2=1765972360","Apr 23, 2025","4,080.00","4,170.00","4,030.00","4,150.00","4,150.00","128,948,700"
"1765972550-162","https://finance.yahoo.com/quote/BBNI.JK/history/?period1=1718582400&period2=1765972360","Apr 22, 2025","3,990.00","4,050.00","3,960.00","4,010.00","4,010.00","84,001,100"
"1765972550-163","https://finance.yahoo.com/quote/BBNI.JK/history/?period1=1718582400&period2=1765972360","Apr 21, 2025","4,040.00","4,050.00","3,950.00","3,990.00","3,990.00","67,071,400"
"1765972550-164","https://finance.yahoo.com/quote/BBNI.JK/history/?period1=1718582400&period2=1765972360","Apr 17, 2025","4,110.00","4,150.00","4,040.00","4,040.00","4,040.00","68,392,500"
"1765972550-165","https://finance.yahoo.com/quote/BBNI.JK/history/?period1=1718582400&period2=1765972360","Apr 16, 2025","4,280.00","4,290.00","4,090.00","4,100.00","4,100.00","109,735,100"
"1765972550-166","https://finance.yahoo.com/quote/BBNI.JK/history/?period1=1718582400&period2=1765972360","Apr 15, 2025","374.0575 Dividend","","","","",""
"1765972550-167","https://finance.yahoo.com/quote/BBNI.JK/history/?period1=1718582400&period2=1765972360","Apr 15, 2025","4,280.00","4,350.00","4,270.00","4,280.00","4,280.00","156,480,600"
"1765972550-168","https://finance.yahoo.com/quote/BBNI.JK/history/?period1=1718582400&period2=1765972360","Apr 14, 2025","4,450.00","4,550.00","4,440.00","4,550.00","4,175.94","162,128,800"
"1765972550-169","https://finance.yahoo.com/quote/BBNI.JK/history/?period1=1718582400&period2=1765972360","Apr 11, 2025","4,240.00","4,400.00","4,200.00","4,390.00","4,029.10","90,221,600"
"1765972550-170","https://finance.yahoo.com/quote/BBNI.JK/history/?period1=1718582400&period2=1765972360","Apr 10, 2025","4,380.00","4,400.00","4,220.00","4,260.00","3,909.78","131,182,600"
"1765972550-171","https://finance.yahoo.com/quote/BBNI.JK/history/?period1=1718582400&period2=1765972360","Apr 9, 2025","4,030.00","4,140.00","3,970.00","4,040.00","3,707.87","81,414,200"
"1765972550-172","https://finance.yahoo.com/quote/BBNI.JK/history/?period1=1718582400&period2=1765972360","Apr 8, 2025","3,680.00","4,080.00","3,610.00","4,030.00","3,698.69","185,281,600"
"1765972550-173","https://finance.yahoo.com/quote/BBNI.JK/history/?period1=1718582400&period2=1765972360","Mar 27, 2025","4,250.00","4,280.00","4,110.00","4,240.00","3,891.43","101,189,600"
"1765972550-174","https://finance.yahoo.com/quote/BBNI.JK/history/?period1=1718582400&period2=1765972360","Mar 26, 2025","4,010.00","4,280.00","4,000.00","4,250.00","3,900.61","229,422,000"
"1765972550-175","https://finance.yahoo.com/quote/BBNI.JK/history/?period1=1718582400&period2=1765972360","Mar 25, 2025","3,770.00","3,930.00","3,740.00","3,900.00","3,579.38","157,671,900"
"1765972550-176","https://finance.yahoo.com/quote/BBNI.JK/history/?period1=1718582400&period2=1765972360","Mar 24, 2025","3,770.00","3,830.00","3,630.00","3,720.00","3,414.18","135,658,700"
"1765972550-177","https://finance.yahoo.com/quote/BBNI.JK/history/?period1=1718582400&period2=1765972360","Mar 21, 2025","4,080.00","4,090.00","3,770.00","3,770.00","3,460.07","246,727,700"
"1765972550-178","https://finance.yahoo.com/quote/BBNI.JK/history/?period1=1718582400&period2=1765972360","Mar 20, 2025","4,240.00","4,270.00","4,050.00","4,080.00","3,744.58","109,598,400"
"1765972550-179","https://finance.yahoo.com/quote/BBNI.JK/history/?period1=1718582400&period2=1765972360","Mar 19, 2025","4,190.00","4,250.00","4,120.00","4,170.00","3,827.18","110,420,100"
"1765972550-180","https://finance.yahoo.com/quote/BBNI.JK/history/?period1=1718582400&period2=1765972360","Mar 18, 2025","4,300.00","4,310.00","4,030.00","4,190.00","3,845.54","80,141,500"
"1765972550-181","https://finance.yahoo.com/quote/BBNI.JK/history/?period1=1718582400&period2=1765972360","Mar 17, 2025","4,430.00","4,460.00","4,260.00","4,330.00","3,974.03","60,911,900"
"1765972550-182","https://finance.yahoo.com/quote/BBNI.JK/history/?period1=1718582400&period2=1765972360","Mar 14, 2025","4,470.00","4,520.00","4,400.00","4,430.00","4,065.81","50,335,900"
"1765972550-183","https://finance.yahoo.com/quote/BBNI.JK/history/?period1=1718582400&period2=1765972360","Mar 13, 2025","4,600.00","4,600.00","4,440.00","4,530.00","4,157.59","48,947,400"
"1765972550-184","https://finance.yahoo.com/quote/BBNI.JK/history/?period1=1718582400&period2=1765972360","Mar 12, 2025","4,490.00","4,550.00","4,480.00","4,530.00","4,157.59","44,656,600"
"1765972550-185","https://finance.yahoo.com/quote/BBNI.JK/history/?period1=1718582400&period2=1765972360","Mar 11, 2025","4,380.00","4,460.00","4,360.00","4,450.00","4,084.16","44,323,600"
"1765972550-186","https://finance.yahoo.com/quote/BBNI.JK/history/?period1=1718582400&period2=1765972360","Mar 10, 2025","4,540.00","4,540.00","4,410.00","4,450.00","4,084.16","43,038,000"
"1765972550-187","https://finance.yahoo.com/quote/BBNI.JK/history/?period1=1718582400&period2=1765972360","Mar 7, 2025","4,590.00","4,590.00","4,460.00","4,540.00","4,166.76","61,630,700"
"1765972550-188","https://finance.yahoo.com/quote/BBNI.JK/history/?period1=1718582400&period2=1765972360","Mar 6, 2025","4,550.00","4,700.00","4,540.00","4,590.00","4,212.65","104,226,000"
"1765972550-189","https://finance.yahoo.com/quote/BBNI.JK/history/?period1=1718582400&period2=1765972360","Mar 5, 2025","4,250.00","4,540.00","4,250.00","4,460.00","4,093.34","101,995,600"
"1765972550-190","https://finance.yahoo.com/quote/BBNI.JK/history/?period1=1718582400&period2=1765972360","Mar 4, 2025","4,240.00","4,290.00","4,170.00","4,220.00","3,873.07","71,340,000"
"1765972550-191","https://finance.yahoo.com/quote/BBNI.JK/history/?period1=1718582400&period2=1765972360","Mar 3, 2025","4,180.00","4,310.00","4,120.00","4,260.00","3,909.78","156,616,300"
"1765972550-192","https://finance.yahoo.com/quote/BBNI.JK/history/?period1=1718582400&period2=1765972360","Feb 28, 2025","4,270.00","4,270.00","4,010.00","4,030.00","3,698.69","156,574,800"
"1765972550-193","https://finance.yahoo.com/quote/BBNI.JK/history/?period1=1718582400&period2=1765972360","Feb 27, 2025","4,350.00","4,370.00","4,200.00","4,340.00","3,983.21","58,362,900"
"1765972550-194","https://finance.yahoo.com/quote/BBNI.JK/history/?period1=1718582400&period2=1765972360","Feb 26, 2025","4,250.00","4,350.00","4,210.00","4,350.00","3,992.38","42,114,300"
"1765972550-195","https://finance.yahoo.com/quote/BBNI.JK/history/?period1=1718582400&period2=1765972360","Feb 25, 2025","4,230.00","4,280.00","4,110.00","4,230.00","3,882.25","45,778,400"
"1765972550-196","https://finance.yahoo.com/quote/BBNI.JK/history/?period1=1718582400&period2=1765972360","Feb 24, 2025","4,300.00","4,320.00","4,200.00","4,200.00","3,854.72","61,467,000"
"1765972550-197","https://finance.yahoo.com/quote/BBNI.JK/history/?period1=1718582400&period2=1765972360","Feb 21, 2025","4,410.00","4,440.00","4,300.00","4,300.00","3,946.50","70,115,400"
"1765972550-198","https://finance.yahoo.com/quote/BBNI.JK/history/?period1=1718582400&period2=1765972360","Feb 20, 2025","4,520.00","4,550.00","4,400.00","4,460.00","4,093.34","49,467,500"
"1765972550-199","https://finance.yahoo.com/quote/BBNI.JK/history/?period1=1718582400&period2=1765972360","Feb 19, 2025","4,750.00","4,750.00","4,480.00","4,520.00","4,148.41","72,328,000"
"1765972550-200","https://finance.yahoo.com/quote/BBNI.JK/history/?period1=1718582400&period2=1765972360","Feb 18, 2025","4,600.00","4,750.00","4,600.00","4,750.00","4,359.50","73,992,700"
"1765972550-201","https://finance.yahoo.com/quote/BBNI.JK/history/?period1=1718582400&period2=1765972360","Feb 17, 2025","4,370.00","4,590.00","4,350.00","4,570.00","4,194.30","52,492,800"
"1765972550-202","https://finance.yahoo.com/quote/BBNI.JK/history/?period1=1718582400&period2=1765972360","Feb 14, 2025","4,310.00","4,390.00","4,300.00","4,370.00","4,010.74","61,932,800"
"1765972550-203","https://finance.yahoo.com/quote/BBNI.JK/history/?period1=1718582400&period2=1765972360","Feb 13, 2025","4,280.00","4,300.00","4,210.00","4,250.00","3,900.61","38,173,200"
"1765972550-204","https://finance.yahoo.com/quote/BBNI.JK/history/?period1=1718582400&period2=1765972360","Feb 12, 2025","4,130.00","4,300.00","4,100.00","4,300.00","3,946.50","57,782,300"
"1765972550-205","https://finance.yahoo.com/quote/BBNI.JK/history/?period1=1718582400&period2=1765972360","Feb 11, 2025","4,150.00","4,170.00","4,050.00","4,070.00","3,735.40","52,994,400"
"1765972550-206","https://finance.yahoo.com/quote/BBNI.JK/history/?period1=1718582400&period2=1765972360","Feb 10, 2025","4,270.00","4,310.00","4,150.00","4,150.00","3,808.83","46,856,100"
"1765972550-207","https://finance.yahoo.com/quote/BBNI.JK/history/?period1=1718582400&period2=1765972360","Feb 7, 2025","4,250.00","4,350.00","4,160.00","4,270.00","3,918.96","69,268,900"
"1765972550-208","https://finance.yahoo.com/quote/BBNI.JK/history/?period1=1718582400&period2=1765972360","Feb 6, 2025","4,500.00","4,510.00","4,260.00","4,290.00","3,937.32","72,520,900"
"1765972550-209","https://finance.yahoo.com/quote/BBNI.JK/history/?period1=1718582400&period2=1765972360","Feb 5, 2025","4,650.00","4,680.00","4,480.00","4,500.00","4,130.05","52,077,600"
"1765972550-210","https://finance.yahoo.com/quote/BBNI.JK/history/?period1=1718582400&period2=1765972360","Feb 4, 2025","4,770.00","4,780.00","4,700.00","4,700.00","4,313.61","44,266,700"
"1765972550-211","https://finance.yahoo.com/quote/BBNI.JK/history/?period1=1718582400&period2=1765972360","Feb 3, 2025","4,770.00","4,800.00","4,640.00","4,780.00","4,387.03","63,072,700"
"1765972550-212","https://finance.yahoo.com/quote/BBNI.JK/history/?period1=1718582400&period2=1765972360","Jan 31, 2025","4,660.00","4,880.00","4,660.00","4,770.00","4,377.86","78,958,600"
"1765972550-213","https://finance.yahoo.com/quote/BBNI.JK/history/?period1=1718582400&period2=1765972360","Jan 30, 2025","4,610.00","4,670.00","4,580.00","4,640.00","4,258.54","23,980,100"
"1765972550-214","https://finance.yahoo.com/quote/BBNI.JK/history/?period1=1718582400&period2=1765972360","Jan 24, 2025","4,660.00","4,700.00","4,610.00","4,610.00","4,231.01","42,140,900"
"1765972550-215","https://finance.yahoo.com/quote/BBNI.JK/history/?period1=1718582400&period2=1765972360","Jan 23, 2025","4,790.00","4,820.00","4,650.00","4,650.00","4,267.72","86,704,800"
"1765972550-216","https://finance.yahoo.com/quote/BBNI.JK/history/?period1=1718582400&period2=1765972360","Jan 22, 2025","4,790.00","4,810.00","4,760.00","4,790.00","4,396.21","55,899,500"
"1765972550-217","https://finance.yahoo.com/quote/BBNI.JK/history/?period1=1718582400&period2=1765972360","Jan 21, 2025","4,690.00","4,820.00","4,650.00","4,740.00","4,350.32","96,008,700"
"1765972550-218","https://finance.yahoo.com/quote/BBNI.JK/history/?period1=1718582400&period2=1765972360","Jan 20, 2025","4,520.00","4,660.00","4,490.00","4,620.00","4,240.19","67,692,300"
"1765972550-219","https://finance.yahoo.com/quote/BBNI.JK/history/?period1=1718582400&period2=1765972360","Jan 17, 2025","4,450.00","4,570.00","4,380.00","4,470.00","4,102.52","40,130,000"
"1765972550-220","https://finance.yahoo.com/quote/BBNI.JK/history/?period1=1718582400&period2=1765972360","Jan 16, 2025","4,600.00","4,600.00","4,480.00","4,500.00","4,130.05","113,849,300"
"1765972550-221","https://finance.yahoo.com/quote/BBNI.JK/history/?period1=1718582400&period2=1765972360","Jan 15, 2025","4,150.00","4,430.00","4,150.00","4,410.00","4,047.45","82,038,200"
"1765972550-222","https://finance.yahoo.com/quote/BBNI.JK/history/?period1=1718582400&period2=1765972360","Jan 14, 2025","4,170.00","4,240.00","4,110.00","4,130.00","3,790.47","71,568,000"
"1765972550-223","https://finance.yahoo.com/quote/BBNI.JK/history/?period1=1718582400&period2=1765972360","Jan 13, 2025","4,320.00","4,330.00","4,200.00","4,210.00","3,863.89","54,029,800"
"1765972550-224","https://finance.yahoo.com/quote/BBNI.JK/history/?period1=1718582400&period2=1765972360","Jan 10, 2025","4,380.00","4,420.00","4,350.00","4,350.00","3,992.38","28,235,300"
"1765972550-225","https://finance.yahoo.com/quote/BBNI.JK/history/?period1=1718582400&period2=1765972360","Jan 9, 2025","4,360.00","4,410.00","4,350.00","4,380.00","4,019.92","25,545,500"
"1765972550-226","https://finance.yahoo.com/quote/BBNI.JK/history/?period1=1718582400&period2=1765972360","Jan 8, 2025","4,350.00","4,430.00","4,350.00","4,370.00","4,010.74","39,476,000"
"1765972550-227","https://finance.yahoo.com/quote/BBNI.JK/history/?period1=1718582400&period2=1765972360","Jan 7, 2025","4,370.00","4,410.00","4,340.00","4,360.00","4,001.56","36,973,900"
"1765972550-228","https://finance.yahoo.com/quote/BBNI.JK/history/?period1=1718582400&period2=1765972360","Jan 6, 2025","4,550.00","4,560.00","4,410.00","4,430.00","4,065.81","26,008,100"
"1765972550-229","https://finance.yahoo.com/quote/BBNI.JK/history/?period1=1718582400&period2=1765972360","Jan 3, 2025","4,600.00","4,630.00","4,540.00","4,540.00","4,166.76","76,388,000"
"1765972550-230","https://finance.yahoo.com/quote/BBNI.JK/history/?period1=1718582400&period2=1765972360","Jan 2, 2025","4,360.00","4,590.00","4,360.00","4,590.00","4,212.65","56,985,400"
"1765972550-231","https://finance.yahoo.com/quote/BBNI.JK/history/?period1=1718582400&period2=1765972360","Dec 30, 2024","4,340.00","4,380.00","4,270.00","4,350.00","3,992.38","43,899,600"
"1765972550-232","https://finance.yahoo.com/quote/BBNI.JK/history/?period1=1718582400&period2=1765972360","Dec 27, 2024","4,380.00","4,430.00","4,360.00","4,360.00","4,001.56","22,838,700"
"1765972550-233","https://finance.yahoo.com/quote/BBNI.JK/history/?period1=1718582400&period2=1765972360","Dec 24, 2024","4,380.00","4,400.00","4,340.00","4,380.00","4,019.92","21,458,900"
"1765972550-234","https://finance.yahoo.com/quote/BBNI.JK/history/?period1=1718582400&period2=1765972360","Dec 23, 2024","4,320.00","4,390.00","4,320.00","4,380.00","4,019.92","43,668,100"
"1765972550-235","https://finance.yahoo.com/quote/BBNI.JK/history/?period1=1718582400&period2=1765972360","Dec 20, 2024","4,330.00","4,360.00","4,260.00","4,260.00","3,909.78","83,872,500"
"1765972550-236","https://finance.yahoo.com/quote/BBNI.JK/history/?period1=1718582400&period2=1765972360","Dec 19, 2024","4,360.00","4,370.00","4,300.00","4,310.00","3,955.67","71,247,000"
"1765972550-237","https://finance.yahoo.com/quote/BBNI.JK/history/?period1=1718582400&period2=1765972360","Dec 18, 2024","4,470.00","4,530.00","4,410.00","4,430.00","4,065.81","56,470,100"
"1765972550-238","https://finance.yahoo.com/quote/BBNI.JK/history/?period1=1718582400&period2=1765972360","Dec 17, 2024","4,620.00","4,640.00","4,430.00","4,470.00","4,102.52","119,873,700"
"1765972550-239","https://finance.yahoo.com/quote/BBNI.JK/history/?period1=1718582400&period2=1765972360","Dec 16, 2024","4,610.00","4,720.00","4,600.00","4,640.00","4,258.54","83,736,700"
"1765972550-240","https://finance.yahoo.com/quote/BBNI.JK/history/?period1=1718582400&period2=1765972360","Dec 13, 2024","4,800.00","4,830.00","4,720.00","4,730.00","4,341.14","72,851,000"
"1765972550-241","https://finance.yahoo.com/quote/BBNI.JK/history/?period1=1718582400&period2=1765972360","Dec 12, 2024","5,025.00","5,025.00","4,880.00","4,880.00","4,478.81","45,911,900"
"1765972550-242","https://finance.yahoo.com/quote/BBNI.JK/history/?period1=1718582400&period2=1765972360","Dec 11, 2024","5,050.00","5,175.00","5,050.00","5,075.00","4,657.78","39,770,900"
"1765972550-243","https://finance.yahoo.com/quote/BBNI.JK/history/?period1=1718582400&period2=1765972360","Dec 10, 2024","4,990.00","5,100.00","4,930.00","5,100.00","4,680.73","39,158,900"
"1765972550-244","https://finance.yahoo.com/quote/BBNI.JK/history/?period1=1718582400&period2=1765972360","Dec 9, 2024","4,890.00","5,050.00","4,880.00","5,000.00","4,588.95","43,938,100"
"1765972550-245","https://finance.yahoo.com/quote/BBNI.JK/history/?period1=1718582400&period2=1765972360","Dec 6, 2024","4,820.00","4,880.00","4,780.00","4,860.00","4,460.46","25,735,100"
"1765972550-246","https://finance.yahoo.com/quote/BBNI.JK/history/?period1=1718582400&period2=1765972360","Dec 5, 2024","4,950.00","4,950.00","4,810.00","4,820.00","4,423.75","33,537,600"
"1765972550-247","https://finance.yahoo.com/quote/BBNI.JK/history/?period1=1718582400&period2=1765972360","Dec 4, 2024","4,800.00","4,980.00","4,790.00","4,950.00","4,543.06","46,942,200"
"1765972550-248","https://finance.yahoo.com/quote/BBNI.JK/history/?period1=1718582400&period2=1765972360","Dec 3, 2024","4,740.00","4,840.00","4,730.00","4,780.00","4,387.03","60,101,100"
"1765972550-249","https://finance.yahoo.com/quote/BBNI.JK/history/?period1=1718582400&period2=1765972360","Dec 2, 2024","4,980.00","5,000.00","4,710.00","4,710.00","4,322.79","49,318,100"
"1765972550-250","https://finance.yahoo.com/quote/BBNI.JK/history/?period1=1718582400&period2=1765972360","Nov 29, 2024","5,025.00","5,050.00","4,940.00","4,980.00","4,570.59","48,885,400"
"1765972550-251","https://finance.yahoo.com/quote/BBNI.JK/history/?period1=1718582400&period2=1765972360","Nov 28, 2024","5,025.00","5,075.00","4,950.00","5,025.00","4,611.89","28,337,000"
"1765972550-252","https://finance.yahoo.com/quote/BBNI.JK/history/?period1=1718582400&period2=1765972360","Nov 26, 2024","5,025.00","5,050.00","4,950.00","4,950.00","4,543.06","37,322,800"
"1765972550-253","https://finance.yahoo.com/quote/BBNI.JK/history/?period1=1718582400&period2=1765972360","Nov 25, 2024","4,850.00","5,075.00","4,840.00","4,990.00","4,579.77","98,405,900"
"1765972550-254","https://finance.yahoo.com/quote/BBNI.JK/history/?period1=1718582400&period2=1765972360","Nov 22, 2024","4,750.00","4,860.00","4,740.00","4,840.00","4,442.10","50,258,400"
"1765972550-255","https://finance.yahoo.com/quote/BBNI.JK/history/?period1=1718582400&period2=1765972360","Nov 21, 2024","4,820.00","4,850.00","4,710.00","4,720.00","4,331.97","45,727,200"
"1765972550-256","https://finance.yahoo.com/quote/BBNI.JK/history/?period1=1718582400&period2=1765972360","Nov 20, 2024","4,870.00","4,900.00","4,800.00","4,850.00","4,451.28","24,693,600"
"1765972550-257","https://finance.yahoo.com/quote/BBNI.JK/history/?period1=1718582400&period2=1765972360","Nov 19, 2024","4,860.00","4,890.00","4,800.00","4,850.00","4,451.28","28,214,800"
"1765972550-258","https://finance.yahoo.com/quote/BBNI.JK/history/?period1=1718582400&period2=1765972360","Nov 18, 2024","4,930.00","4,930.00","4,830.00","4,870.00","4,469.64","22,240,200"
"1765972550-259","https://finance.yahoo.com/quote/BBNI.JK/history/?period1=1718582400&period2=1765972360","Nov 15, 2024","4,920.00","4,940.00","4,870.00","4,910.00","4,506.35","32,785,700"
"1765972550-260","https://finance.yahoo.com/quote/BBNI.JK/history/?period1=1718582400&period2=1765972360","Nov 14, 2024","4,960.00","4,970.00","4,910.00","4,950.00","4,543.06","33,431,400"
"1765972550-261","https://finance.yahoo.com/quote/BBNI.JK/history/?period1=1718582400&period2=1765972360","Nov 13, 2024","4,930.00","5,025.00","4,910.00","4,960.00","4,552.24","64,548,800"
"1765972550-262","https://finance.yahoo.com/quote/BBNI.JK/history/?period1=1718582400&period2=1765972360","Nov 12, 2024","4,960.00","5,000.00","4,870.00","4,930.00","4,524.70","70,220,900"
"1765972550-263","https://finance.yahoo.com/quote/BBNI.JK/history/?period1=1718582400&period2=1765972360","Nov 11, 2024","4,950.00","5,025.00","4,800.00","4,990.00","4,579.77","44,028,300"
"1765972550-264","https://finance.yahoo.com/quote/BBNI.JK/history/?period1=1718582400&period2=1765972360","Nov 8, 2024","5,075.00","5,125.00","4,970.00","4,980.00","4,570.59","51,133,100"
"1765972550-265","https://finance.yahoo.com/quote/BBNI.JK/history/?period1=1718582400&period2=1765972360","Nov 7, 2024","5,150.00","5,175.00","5,025.00","5,025.00","4,611.89","63,745,800"
"1765972550-266","https://finance.yahoo.com/quote/BBNI.JK/history/?period1=1718582400&period2=1765972360","Nov 6, 2024","5,425.00","5,425.00","5,100.00","5,125.00","4,703.67","67,214,100"
"1765972550-267","https://finance.yahoo.com/quote/BBNI.JK/history/?period1=1718582400&period2=1765972360","Nov 5, 2024","5,275.00","5,450.00","5,250.00","5,400.00","4,956.06","32,446,400"
"1765972550-268","https://finance.yahoo.com/quote/BBNI.JK/history/?period1=1718582400&period2=1765972360","Nov 4, 2024","5,225.00","5,325.00","5,150.00","5,300.00","4,864.28","31,669,500"
"1765972550-269","https://finance.yahoo.com/quote/BBNI.JK/history/?period1=1718582400&period2=1765972360","Nov 1, 2024","5,250.00","5,250.00","5,175.00","5,200.00","4,772.51","21,870,200"
"1765972550-270","https://finance.yahoo.com/quote/BBNI.JK/history/?period1=1718582400&period2=1765972360","Oct 31, 2024","5,200.00","5,300.00","5,175.00","5,250.00","4,818.40","50,040,800"
"1765972550-271","https://finance.yahoo.com/quote/BBNI.JK/history/?period1=1718582400&period2=1765972360","Oct 30, 2024","5,300.00","5,325.00","5,200.00","5,225.00","4,795.45","58,411,700"
"1765972550-272","https://finance.yahoo.com/quote/BBNI.JK/history/?period1=1718582400&period2=1765972360","Oct 29, 2024","5,400.00","5,500.00","5,275.00","5,300.00","4,864.28","77,068,500"
"1765972550-273","https://finance.yahoo.com/quote/BBNI.JK/history/?period1=1718582400&period2=1765972360","Oct 28, 2024","5,650.00","5,675.00","5,425.00","5,500.00","5,047.84","48,523,000"
"1765972550-274","https://finance.yahoo.com/quote/BBNI.JK/history/?period1=1718582400&period2=1765972360","Oct 25, 2024","5,625.00","5,650.00","5,550.00","5,650.00","5,185.51","20,200,300"
"1765972550-275","https://finance.yahoo.com/quote/BBNI.JK/history/?period1=1718582400&period2=1765972360","Oct 24, 2024","5,650.00","5,700.00","5,625.00","5,625.00","5,162.57","26,445,200"
"1765972550-276","https://finance.yahoo.com/quote/BBNI.JK/history/?period1=1718582400&period2=1765972360","Oct 23, 2024","5,675.00","5,675.00","5,600.00","5,675.00","5,208.46","63,163,700"
"1765972550-277","https://finance.yahoo.com/quote/BBNI.JK/history/?period1=1718582400&period2=1765972360","Oct 22, 2024","5,650.00","5,675.00","5,575.00","5,650.00","5,185.51","59,956,900"
"1765972550-278","https://finance.yahoo.com/quote/BBNI.JK/history/?period1=1718582400&period2=1765972360","Oct 21, 2024","5,700.00","5,750.00","5,600.00","5,625.00","5,162.57","50,980,600"
"1765972550-279","https://finance.yahoo.com/quote/BBNI.JK/history/?period1=1718582400&period2=1765972360","Oct 18, 2024","5,550.00","5,650.00","5,550.00","5,650.00","5,185.51","58,870,300"
"1765972550-280","https://finance.yahoo.com/quote/BBNI.JK/history/?period1=1718582400&period2=1765972360","Oct 17, 2024","5,500.00","5,575.00","5,475.00","5,500.00","5,047.84","48,570,900"
"1765972550-281","https://finance.yahoo.com/quote/BBNI.JK/history/?period1=1718582400&period2=1765972360","Oct 16, 2024","5,500.00","5,500.00","5,450.00","5,475.00","5,024.90","26,629,100"
"1765972550-282","https://finance.yahoo.com/quote/BBNI.JK/history/?period1=1718582400&period2=1765972360","Oct 15, 2024","5,450.00","5,525.00","5,425.00","5,500.00","5,047.84","44,248,600"
"1765972550-283","https://finance.yahoo.com/quote/BBNI.JK/history/?period1=1718582400&period2=1765972360","Oct 14, 2024","5,375.00","5,450.00","5,375.00","5,425.00","4,979.01","36,808,100"
"1765972550-284","https://finance.yahoo.com/quote/BBNI.JK/history/?period1=1718582400&period2=1765972360","Oct 11, 2024","5,425.00","5,425.00","5,325.00","5,375.00","4,933.12","14,488,900"
"1765972550-285","https://finance.yahoo.com/quote/BBNI.JK/history/?period1=1718582400&period2=1765972360","Oct 10, 2024","5,350.00","5,400.00","5,325.00","5,325.00","4,887.23","25,892,500"
"1765972550-286","https://finance.yahoo.com/quote/BBNI.JK/history/?period1=1718582400&period2=1765972360","Oct 9, 2024","5,350.00","5,425.00","5,275.00","5,325.00","4,887.23","70,831,500"
"1765972550-287","https://finance.yahoo.com/quote/BBNI.JK/history/?period1=1718582400&period2=1765972360","Oct 8, 2024","5,150.00","5,400.00","5,100.00","5,350.00","4,910.17","90,686,900"
"1765972550-288","https://finance.yahoo.com/quote/BBNI.JK/history/?period1=1718582400&period2=1765972360","Oct 7, 2024","5,325.00","5,350.00","5,200.00","5,200.00","4,772.51","52,624,000"
"1765972550-289","https://finance.yahoo.com/quote/BBNI.JK/history/?period1=1718582400&period2=1765972360","Oct 4, 2024","5,400.00","5,425.00","5,250.00","5,325.00","4,887.23","35,822,100"
"1765972550-290","https://finance.yahoo.com/quote/BBNI.JK/history/?period1=1718582400&period2=1765972360","Oct 3, 2024","5,375.00","5,400.00","5,300.00","5,375.00","4,933.12","42,597,000"
"1765972550-291","https://finance.yahoo.com/quote/BBNI.JK/history/?period1=1718582400&period2=1765972360","Oct 2, 2024","5,325.00","5,400.00","5,300.00","5,350.00","4,910.17","27,716,400"
"1765972550-292","https://finance.yahoo.com/quote/BBNI.JK/history/?period1=1718582400&period2=1765972360","Oct 1, 2024","5,375.00","5,450.00","5,350.00","5,375.00","4,933.12","40,085,600"
"1765972550-293","https://finance.yahoo.com/quote/BBNI.JK/history/?period1=1718582400&period2=1765972360","Sep 30, 2024","5,400.00","5,450.00","5,325.00","5,350.00","4,910.17","69,417,600"
"1765972550-294","https://finance.yahoo.com/quote/BBNI.JK/history/?period1=1718582400&period2=1765972360","Sep 27, 2024","5,600.00","5,600.00","5,400.00","5,450.00","5,001.95","79,718,100"
"1765972550-295","https://finance.yahoo.com/quote/BBNI.JK/history/?period1=1718582400&period2=1765972360","Sep 26, 2024","5,600.00","5,625.00","5,450.00","5,600.00","5,139.62","59,306,200"
"1765972550-296","https://finance.yahoo.com/quote/BBNI.JK/history/?period1=1718582400&period2=1765972360","Sep 25, 2024","5,750.00","5,750.00","5,450.00","5,600.00","5,139.62","120,885,200"
"1765972550-297","https://finance.yahoo.com/quote/BBNI.JK/history/?period1=1718582400&period2=1765972360","Sep 24, 2024","5,800.00","5,825.00","5,750.00","5,800.00","5,323.18","39,900,400"
"1765972550-298","https://finance.yahoo.com/quote/BBNI.JK/history/?period1=1718582400&period2=1765972360","Sep 23, 2024","5,750.00","5,850.00","5,725.00","5,800.00","5,323.18","48,008,700"
"1765972550-299","https://finance.yahoo.com/quote/BBNI.JK/history/?period1=1718582400&period2=1765972360","Sep 20, 2024","5,825.00","5,825.00","5,750.00","5,750.00","5,277.29","47,673,600"
"1765972550-300","https://finance.yahoo.com/quote/BBNI.JK/history/?period1=1718582400&period2=1765972360","Sep 19, 2024","5,800.00","5,850.00","5,750.00","5,825.00","5,346.12","93,847,800"
"1765972550-301","https://finance.yahoo.com/quote/BBNI.JK/history/?period1=1718582400&period2=1765972360","Sep 18, 2024","5,700.00","5,700.00","5,600.00","5,700.00","5,231.40","64,489,200"
"1765972550-302","https://finance.yahoo.com/quote/BBNI.JK/history/?period1=1718582400&period2=1765972360","Sep 17, 2024","5,600.00","5,700.00","5,600.00","5,650.00","5,185.51","40,776,200"
"1765972550-303","https://finance.yahoo.com/quote/BBNI.JK/history/?period1=1718582400&period2=1765972360","Sep 13, 2024","5,600.00","5,650.00","5,575.00","5,625.00","5,162.57","34,311,700"
"1765972550-304","https://finance.yahoo.com/quote/BBNI.JK/history/?period1=1718582400&period2=1765972360","Sep 12, 2024","5,625.00","5,650.00","5,575.00","5,600.00","5,139.62","43,318,600"
"1765972550-305","https://finance.yahoo.com/quote/BBNI.JK/history/?period1=1718582400&period2=1765972360","Sep 11, 2024","5,700.00","5,750.00","5,650.00","5,650.00","5,185.51","33,792,600"
"1765972550-306","https://finance.yahoo.com/quote/BBNI.JK/history/?period1=1718582400&period2=1765972360","Sep 10, 2024","5,750.00","5,775.00","5,700.00","5,700.00","5,231.40","55,033,900"
"1765972550-307","https://finance.yahoo.com/quote/BBNI.JK/history/?period1=1718582400&period2=1765972360","Sep 9, 2024","5,650.00","5,750.00","5,625.00","5,725.00","5,254.35","78,827,500"
"1765972550-308","https://finance.yahoo.com/quote/BBNI.JK/history/?period1=1718582400&period2=1765972360","Sep 6, 2024","5,500.00","5,675.00","5,475.00","5,650.00","5,185.51","139,365,300"
"1765972550-309","https://finance.yahoo.com/quote/BBNI.JK/history/?period1=1718582400&period2=1765972360","Sep 5, 2024","5,375.00","5,450.00","5,350.00","5,450.00","5,001.95","62,221,800"
"1765972550-310","https://finance.yahoo.com/quote/BBNI.JK/history/?period1=1718582400&period2=1765972360","Sep 4, 2024","5,325.00","5,375.00","5,300.00","5,350.00","4,910.17","47,278,700"
"1765972550-311","https://finance.yahoo.com/quote/BBNI.JK/history/?period1=1718582400&period2=1765972360","Sep 3, 2024","5,375.00","5,400.00","5,325.00","5,375.00","4,933.12","20,288,700"
"1765972550-312","https://finance.yahoo.com/quote/BBNI.JK/history/?period1=1718582400&period2=1765972360","Sep 2, 2024","5,350.00","5,400.00","5,325.00","5,350.00","4,910.17","22,988,100"
"1765972550-313","https://finance.yahoo.com/quote/BBNI.JK/history/?period1=1718582400&period2=1765972360","Aug 30, 2024","5,300.00","5,400.00","5,300.00","5,350.00","4,910.17","86,718,500"
"1765972550-314","https://finance.yahoo.com/quote/BBNI.JK/history/?period1=1718582400&period2=1765972360","Aug 29, 2024","5,425.00","5,425.00","5,300.00","5,300.00","4,864.28","40,749,200"
"1765972550-315","https://finance.yahoo.com/quote/BBNI.JK/history/?period1=1718582400&period2=1765972360","Aug 28, 2024","5,400.00","5,425.00","5,275.00","5,375.00","4,933.12","48,476,500"
"1765972550-316","https://finance.yahoo.com/quote/BBNI.JK/history/?period1=1718582400&period2=1765972360","Aug 27, 2024","5,525.00","5,550.00","5,350.00","5,400.00","4,956.06","57,135,700"
"1765972550-317","https://finance.yahoo.com/quote/BBNI.JK/history/?period1=1718582400&period2=1765972360","Aug 26, 2024","5,450.00","5,550.00","5,450.00","5,525.00","5,070.79","68,435,700"
"1765972550-318","https://finance.yahoo.com/quote/BBNI.JK/history/?period1=1718582400&period2=1765972360","Aug 23, 2024","5,300.00","5,500.00","5,300.00","5,450.00","5,001.95","69,905,300"
"1765972550-319","https://finance.yahoo.com/quote/BBNI.JK/history/?period1=1718582400&period2=1765972360","Aug 22, 2024","5,425.00","5,425.00","5,225.00","5,275.00","4,841.34","72,626,600"
"1765972550-320","https://finance.yahoo.com/quote/BBNI.JK/history/?period1=1718582400&period2=1765972360","Aug 21, 2024","5,475.00","5,550.00","5,425.00","5,450.00","5,001.95","92,703,900"
"1765972550-321","https://finance.yahoo.com/quote/BBNI.JK/history/?period1=1718582400&period2=1765972360","Aug 20, 2024","5,375.00","5,500.00","5,375.00","5,475.00","5,024.90","69,978,300"
"1765972550-322","https://finance.yahoo.com/quote/BBNI.JK/history/?period1=1718582400&period2=1765972360","Aug 19, 2024","5,300.00","5,450.00","5,275.00","5,350.00","4,910.17","55,661,900"
"1765972550-323","https://finance.yahoo.com/quote/BBNI.JK/history/?period1=1718582400&period2=1765972360","Aug 16, 2024","5,300.00","5,350.00","5,275.00","5,300.00","4,864.28","33,604,900"
"1765972550-324","https://finance.yahoo.com/quote/BBNI.JK/history/?period1=1718582400&period2=1765972360","Aug 15, 2024","5,300.00","5,325.00","5,225.00","5,250.00","4,818.40","33,034,700"
"1765972550-325","https://finance.yahoo.com/quote/BBNI.JK/history/?period1=1718582400&period2=1765972360","Aug 14, 2024","5,250.00","5,375.00","5,225.00","5,275.00","4,841.34","93,112,500"
"1765972550-326","https://finance.yahoo.com/quote/BBNI.JK/history/?period1=1718582400&period2=1765972360","Aug 13, 2024","5,175.00","5,200.00","5,125.00","5,175.00","4,749.56","26,196,400"
"1765972550-327","https://finance.yahoo.com/quote/BBNI.JK/history/?period1=1718582400&period2=1765972360","Aug 12, 2024","5,150.00","5,150.00","5,075.00","5,125.00","4,703.67","14,296,000"
"1765972550-328","https://finance.yahoo.com/quote/BBNI.JK/history/?period1=1718582400&period2=1765972360","Aug 9, 2024","5,050.00","5,200.00","5,050.00","5,125.00","4,703.67","33,031,700"
"1765972550-329","https://finance.yahoo.com/quote/BBNI.JK/history/?period1=1718582400&period2=1765972360","Aug 8, 2024","5,000.00","5,100.00","4,970.00","5,025.00","4,611.89","51,493,100"
"1765972550-330","https://finance.yahoo.com/quote/BBNI.JK/history/?period1=1718582400&period2=1765972360","Aug 7, 2024","5,025.00","5,050.00","4,980.00","5,000.00","4,588.95","32,547,900"
"1765972550-331","https://finance.yahoo.com/quote/BBNI.JK/history/?period1=1718582400&period2=1765972360","Aug 6, 2024","5,000.00","5,075.00","4,940.00","5,025.00","4,611.89","51,827,100"
"1765972550-332","https://finance.yahoo.com/quote/BBNI.JK/history/?period1=1718582400&period2=1765972360","Aug 5, 2024","5,025.00","5,050.00","4,880.00","4,960.00","4,552.24","65,485,300"
"1765972550-333","https://finance.yahoo.com/quote/BBNI.JK/history/?period1=1718582400&period2=1765972360","Aug 2, 2024","5,050.00","5,150.00","5,025.00","5,100.00","4,680.73","75,959,300"
"1765972550-334","https://finance.yahoo.com/quote/BBNI.JK/history/?period1=1718582400&period2=1765972360","Aug 1, 2024","4,940.00","5,075.00","4,940.00","5,075.00","4,657.78","54,207,300"
"1765972550-335","https://finance.yahoo.com/quote/BBNI.JK/history/?period1=1718582400&period2=1765972360","Jul 31, 2024","4,970.00","5,025.00","4,920.00","4,970.00","4,561.41","34,106,000"
"1765972550-336","https://finance.yahoo.com/quote/BBNI.JK/history/?period1=1718582400&period2=1765972360","Jul 30, 2024","5,000.00","5,000.00","4,950.00","4,950.00","4,543.06","36,234,500"
"1765972550-337","https://finance.yahoo.com/quote/BBNI.JK/history/?period1=1718582400&period2=1765972360","Jul 29, 2024","5,025.00","5,050.00","5,000.00","5,025.00","4,611.89","19,854,800"
"1765972550-338","https://finance.yahoo.com/quote/BBNI.JK/history/?period1=1718582400&period2=1765972360","Jul 26, 2024","5,000.00","5,075.00","4,990.00","5,000.00","4,588.95","41,982,600"
"1765972550-339","https://finance.yahoo.com/quote/BBNI.JK/history/?period1=1718582400&period2=1765972360","Jul 25, 2024","5,050.00","5,075.00","4,980.00","5,025.00","4,611.89","52,463,300"
"1765972550-340","https://finance.yahoo.com/quote/BBNI.JK/history/?period1=1718582400&period2=1765972360","Jul 24, 2024","5,050.00","5,100.00","5,000.00","5,100.00","4,680.73","23,442,100"
"1765972550-341","https://finance.yahoo.com/quote/BBNI.JK/history/?period1=1718582400&period2=1765972360","Jul 23, 2024","5,100.00","5,125.00","5,050.00","5,050.00","4,634.84","30,554,100"
"1765972550-342","https://finance.yahoo.com/quote/BBNI.JK/history/?period1=1718582400&period2=1765972360","Jul 22, 2024","5,125.00","5,150.00","5,050.00","5,100.00","4,680.73","32,378,000"
"1765972550-343","https://finance.yahoo.com/quote/BBNI.JK/history/?period1=1718582400&period2=1765972360","Jul 19, 2024","5,075.00","5,100.00","5,025.00","5,100.00","4,680.73","66,907,300"
"1765972550-344","https://finance.yahoo.com/quote/BBNI.JK/history/?period1=1718582400&period2=1765972360","Jul 18, 2024","4,990.00","5,125.00","4,990.00","5,075.00","4,657.78","86,127,800"
"1765972550-345","https://finance.yahoo.com/quote/BBNI.JK/history/?period1=1718582400&period2=1765972360","Jul 17, 2024","5,050.00","5,075.00","5,000.00","5,000.00","4,588.95","59,615,300"
"1765972550-346","https://finance.yahoo.com/quote/BBNI.JK/history/?period1=1718582400&period2=1765972360","Jul 16, 2024","5,050.00","5,050.00","4,980.00","4,980.00","4,570.59","66,371,200"
"1765972550-347","https://finance.yahoo.com/quote/BBNI.JK/history/?period1=1718582400&period2=1765972360","Jul 15, 2024","5,050.00","5,075.00","4,980.00","5,025.00","4,611.89","94,794,900"
"1765972550-348","https://finance.yahoo.com/quote/BBNI.JK/history/?period1=1718582400&period2=1765972360","Jul 12, 2024","4,920.00","5,125.00","4,920.00","5,025.00","4,611.89","151,520,700"
"1765972550-349","https://finance.yahoo.com/quote/BBNI.JK/history/?period1=1718582400&period2=1765972360","Jul 11, 2024","4,850.00","4,880.00","4,830.00","4,870.00","4,469.64","37,573,700"
"1765972550-350","https://finance.yahoo.com/quote/BBNI.JK/history/?period1=1718582400&period2=1765972360","Jul 10, 2024","4,850.00","4,900.00","4,820.00","4,820.00","4,423.75","48,700,200"
"1765972550-351","https://finance.yahoo.com/quote/BBNI.JK/history/?period1=1718582400&period2=1765972360","Jul 9, 2024","4,670.00","4,870.00","4,670.00","4,860.00","4,460.46","87,456,600"
"1765972550-352","https://finance.yahoo.com/quote/BBNI.JK/history/?period1=1718582400&period2=1765972360","Jul 8, 2024","4,730.00","4,740.00","4,670.00","4,670.00","4,286.08","36,004,700"
"1765972550-353","https://finance.yahoo.com/quote/BBNI.JK/history/?period1=1718582400&period2=1765972360","Jul 5, 2024","4,730.00","4,780.00","4,690.00","4,700.00","4,313.61","67,585,600"
"1765972550-354","https://finance.yahoo.com/quote/BBNI.JK/history/?period1=1718582400&period2=1765972360","Jul 4, 2024","4,690.00","4,770.00","4,660.00","4,710.00","4,322.79","61,435,900"
"1765972550-355","https://finance.yahoo.com/quote/BBNI.JK/history/?period1=1718582400&period2=1765972360","Jul 3, 2024","4,730.00","4,740.00","4,630.00","4,650.00","4,267.72","41,531,700"
"1765972550-356","https://finance.yahoo.com/quote/BBNI.JK/history/?period1=1718582400&period2=1765972360","Jul 2, 2024","4,710.00","4,730.00","4,670.00","4,710.00","4,322.79","35,142,800"
"1765972550-357","https://finance.yahoo.com/quote/BBNI.JK/history/?period1=1718582400&period2=1765972360","Jul 1, 2024","4,690.00","4,720.00","4,650.00","4,710.00","4,322.79","43,250,900"
"1765972550-358","https://finance.yahoo.com/quote/BBNI.JK/history/?period1=1718582400&period2=1765972360","Jun 28, 2024","4,590.00","4,740.00","4,590.00","4,660.00","4,276.90","95,384,300"
"1765972550-359","https://finance.yahoo.com/quote/BBNI.JK/history/?period1=1718582400&period2=1765972360","Jun 27, 2024","4,450.00","4,610.00","4,430.00","4,580.00","4,203.48","85,462,100"
"1765972550-360","https://finance.yahoo.com/quote/BBNI.JK/history/?period1=1718582400&period2=1765972360","Jun 26, 2024","4,480.00","4,530.00","4,420.00","4,420.00","4,056.63","34,063,700"
"1765972550-361","https://finance.yahoo.com/quote/BBNI.JK/history/?period1=1718582400&period2=1765972360","Jun 25, 2024","4,520.00","4,530.00","4,420.00","4,480.00","4,111.70","44,861,500"
"1765972550-362","https://finance.yahoo.com/quote/BBNI.JK/history/?period1=1718582400&period2=1765972360","Jun 24, 2024","4,540.00","4,600.00","4,460.00","4,540.00","4,166.76","49,112,400"
"1765972550-363","https://finance.yahoo.com/quote/BBNI.JK/history/?period1=1718582400&period2=1765972360","Jun 21, 2024","4,400.00","4,610.00","4,400.00","4,540.00","4,166.76","108,982,500"
"1765972550-364","https://finance.yahoo.com/quote/BBNI.JK/history/?period1=1718582400&period2=1765972360","Jun 20, 2024","4,320.00","4,410.00","4,300.00","4,400.00","4,038.27","50,579,900"
"1765972550-365","https://finance.yahoo.com/quote/BBNI.JK/history/?period1=1718582400&period2=1765972360","Jun 19, 2024","4,310.00","4,390.00","4,260.00","4,300.00","3,946.50","60,373,800"
